timestamp,symbol,side,entry_price,stop_loss,take_profit,qty,strategy,leverage,current_sl,pnl,exit_price,exit_reason,max_price,min_price
2025-07-08T14:50:05.427372,ETHFIUSDC,SELL,0.9379,0.92314,0.8877,15.936254980079674,MomentumStrategy,5.0,0.963,-0.4143426294820719,0.9639,trailing_stop,0.9379,0.914
2025-07-08T17:14:45.151942,ETHUSDC,BUY,2615.1,2592.116285714286,2653.4328571428573,0.0173960585501627,MomentumStrategy,5.0,2599.1428571428573,-0.2821640696836355,2598.88,trailing_stop,,
2025-07-08T17:14:45.309367,AAVEUSDC,BUY,293.29,286.92,306.36,0.0617283950617282,MomentumStrategy,5.0,297.0167857142857,0.2277777777777769,296.98,trailing_stop,,
2025-07-08T17:20:55.005261,ARBUSDC,BUY,0.3405,0.3329142857142857,0.3556714285714286,52.73069679849326,MomentumStrategy,5.0,0.3375964285714285,0.799999999999997,0.3564,take_profit,,
2025-07-08T17:25:30.460589,ENAUSDC,BUY,0.2621,0.2560142857142857,0.2745714285714286,64.66512702078514,MomentumStrategy,5.0,0.2620428571428571,0.8064665127020779,0.2884,take_profit,,
2025-07-08T17:25:30.606192,1000PEPEUSDC,BUY,0.0102334,0.0099920142857142,0.0107161714285714,1657.0988932946689,MomentumStrategy,5.0,0.0100726107142857,-0.2692785701603827,0.0100709,trailing_stop,,
2025-07-08T17:28:31.633943,LINKUSDC,BUY,13.803,13.652457142857145,14.048571428571428,2.692825543373727,MomentumStrategy,5.0,13.79542857142857,0.6612810155799159,14.104,take_profit,,
2025-07-08T17:29:59.494572,PNUTUSDC,BUY,0.226,0.2179628571428571,0.2418042857142857,50.33255437713453,MomentumStrategy,5.0,0.232905,0.229013122415962,0.23055,trailing_stop,,
2025-07-08T17:32:54.829855,WIFUSDC,BUY,0.8632,0.8376571428571429,0.9142857142857144,15.659955257270727,MomentumStrategy,5.0,0.8376571428571429,-0.4087248322147662,0.8371,trailing_stop,,
2025-07-08T17:54:48.054514,CRVUSDC,BUY,0.5205,0.5097142857142857,0.5420714285714284,37.086092715231786,MomentumStrategy,5.0,0.5173607142857143,-0.1298013245033093,0.517,trailing_stop,,
2025-07-08T18:22:29.389787,PNUTUSDC,BUY,0.23244,0.2223257142857143,0.2526685714285714,39.548022598870055,MomentumStrategy,5.0,0.233635,0.039943502824858,0.23345,trailing_stop,,
2025-07-09T05:38:13.704083,CRVUSDC,BUY,0.5272,0.5159857142857144,0.5484285714285715,36.98811096433306,MomentumStrategy,5.0,0.5423607142857143,0.7852047556142725,0.5485,take_profit,,
2025-07-09T05:38:13.841599,LINKUSDC,BUY,14.102,13.9358,14.379,2.406738868832733,MomentumStrategy,5.0,14.07642857142857,0.6666666666666653,14.385,take_profit,,
2025-07-09T05:48:33.732540,1000BONKUSDC,BUY,0.02177,0.0209372857142857,0.0234294285714285,481.5133276010321,MomentumStrategy,5.0,0.0209372857142857,-0.419398108340499,0.020899,trailing_stop,,
2025-07-09T07:52:15.641106,TIAUSDC,BUY,1.6697,1.6180857142857143,1.7756285714285716,7.616974972796515,MomentumStrategy,5.0,1.6180857142857143,-0.39455930359086,1.6179,trailing_stop,,
2025-07-09T08:41:52.353140,CRVUSDC,BUY,0.5464,0.5343857142857142,0.5704285714285714,33.2936979785968,MomentumStrategy,5.0,0.5423607142857143,-0.1531510107015469,0.5418,trailing_stop,,
2025-07-09T09:36:05.350865,CRVUSDC,BUY,0.5425,0.5301571428571429,0.5671857142857143,32.40740740740752,MomentumStrategy,5.0,0.5518607142857144,0.272222222222222,0.5509,trailing_stop,,
2025-07-09T09:36:05.492523,FILUSDC,BUY,2.33,2.314914285714286,2.352628571428572,26.51515151515176,MomentumStrategy,5.0,2.314914285714286,0.6000000000000236,2.355,take_profit,,
2025-07-09T09:43:26.127021,PNUTUSDC,SELL,0.22227,0.2306185714285714,0.2054228571428571,47.62714747406025,MomentumStrategy,5.0,0.227555,-0.2595679537336288,0.22772,trailing_stop,,
2025-07-09T09:53:34.472001,ADAUSDC,BUY,0.5962,0.5928114285714285,0.6012828571428571,118.0438448566618,MomentumStrategy,5.0,0.5928114285714285,0.6000000000000066,0.6013,take_profit,,
2025-07-09T10:38:10.104721,BNBUSDC,SELL,659.39,660.5917142857143,657.5874285714285,0.3328578221588238,MomentumStrategy,5.0,660.5917142857143,-0.4859724203518948,660.85,trailing_stop,,
2025-07-09T10:41:00.818246,TRUMPUSDC,BUY,8.745,8.710971428571428,8.803542857142856,10.802469135802475,MomentumStrategy,5.0,8.710971428571428,0.6324074074074088,8.807,take_profit,,
2025-07-09T10:50:45.998277,XRPUSDC,BUY,2.3564,2.339974285714286,2.381642857142857,25.5988297677823,MomentumStrategy,5.0,2.3540357142857142,-0.0716767233497825,2.3536,trailing_stop,,
2025-07-09T11:17:36.932034,ADAUSDC,BUY,0.6058,0.6002885714285714,0.6149857142857142,72.57646448937221,MomentumStrategy,5.0,0.6028107142857143,0.6666666666666587,0.6151,take_profit,,
2025-07-09T11:19:02.540263,TRUMPUSDC,BUY,8.824,8.765628571428572,8.921285714285714,6.85266764561922,MomentumStrategy,5.0,8.765628571428572,-0.5482134116495381,8.744,trailing_stop,,
2025-07-09T11:21:50.944987,XRPUSDC,BUY,2.374,2.357071428571429,2.402214285714286,23.62869198312271,MomentumStrategy,5.0,2.372735714285714,-0.0448945147679334,2.3721,trailing_stop,,
2025-07-09T11:40:09.526183,AVAXUSDC,BUY,18.449,18.331542857142857,18.607685714285715,3.621314019658549,MomentumStrategy,5.0,18.331542857142857,0.5746508018623849,18.614,take_profit,,
2025-07-09T11:41:34.112337,BTCUSDC,BUY,108964.4,108768.21142857142,109258.68285714283,0.0020388547461625,MomentumStrategy,5.0,108949.86785714286,0.5999999999999401,109312.0,take_profit,,
2025-07-09T11:47:09.295329,PNUTUSDC,BUY,0.22808,0.2207485714285714,0.2428028571428571,54.411193159735774,MomentumStrategy,5.0,0.224695,-0.2002331908278285,0.2244,trailing_stop,,
2025-07-09T11:47:09.442116,SOLUSDC,BUY,154.22,153.26885714285714,155.32171428571428,0.4871259568545565,MomentumStrategy,5.0,155.21314285714286,0.536673625608903,157.14,take_profit,,
2025-07-09T11:47:09.586465,WIFUSDC,BUY,0.8628,0.8554257142857142,0.8751114285714285,50.79825834542811,MomentumStrategy,5.0,0.8554257142857142,-0.4063860667634252,0.8548,trailing_stop,,
2025-07-09T11:47:09.729242,SUIUSDC,BUY,2.94577,2.930068857142857,2.9693217142857145,25.47585253120774,MomentumStrategy,5.0,2.930068857142857,0.6,2.9694,take_profit,,
2025-07-09T11:48:28.777195,BNBUSDC,BUY,661.92,660.7605714285714,663.7591428571429,0.3334921391138564,MomentumStrategy,5.0,665.6864285714286,0.6133396855645801,668.95,take_profit,,
2025-07-09T11:52:32.618809,XRPUSDC,BUY,2.382,2.364265714285714,2.4115571428571427,22.555179635895257,MomentumStrategy,5.0,2.3795357142857143,-0.0924762365071753,2.3779,trailing_stop,,
2025-07-09T11:57:49.462638,DOGEUSDC,BUY,0.17314,0.1721457142857142,0.1746314285714285,402.2988505747082,MomentumStrategy,5.0,0.1741039285714286,0.358045977011491,0.17403,trailing_stop,,
2025-07-09T12:13:51.176234,ADAUSDC,BUY,0.6142,0.6080485714285714,0.6249857142857143,62.97795771479991,MomentumStrategy,5.0,0.6080485714285714,-0.5605038236617205,0.6053,trailing_stop,,
2025-07-09T12:15:12.302545,AVAXUSDC,BUY,18.649,18.53828571428572,18.82257142857143,3.5175879396984326,MomentumStrategy,5.0,18.53828571428572,-0.5663316582914525,18.488,trailing_stop,,
2025-07-09T12:15:12.458938,BTCUSDC,BUY,109346.2,109131.65714285712,109668.01428571428,0.0018644293514448,MomentumStrategy,5.0,109341.26785714286,0.5999999999999488,109703.4,take_profit,,
2025-07-09T12:16:31.150663,ETHUSDC,BUY,2650.88,2636.8742857142856,2672.038571428572,0.02843794434288,MomentumStrategy,5.0,2645.532857142857,-0.2215315864310341,2643.09,trailing_stop,,
2025-07-09T12:19:09.327210,ETHFIUSDC,BUY,0.9648,0.9549371428571428,0.9805942857142856,38.9755011135858,MomentumStrategy,5.0,0.9549371428571428,-0.3975501113585746,0.9546,trailing_stop,,
2025-07-09T12:23:08.336498,1000PEPEUSDC,BUY,0.0103674,0.0102700028571428,0.0104982457142857,4381.298116041785,MomentumStrategy,5.0,0.0102700028571428,-0.6462414721161636,0.0102199,trailing_stop,,
2025-07-09T12:23:08.480828,XRPUSDC,BUY,2.3923,2.3729057142857144,2.4243571428571427,20.731526728861493,MomentumStrategy,5.0,2.3898357142857143,-0.0518288168221526,2.3898,trailing_stop,,
2025-07-09T12:28:19.401871,SUIUSDC,BUY,2.96597,2.9493394285714287,2.991990857142857,23.445873526259383,MomentumStrategy,5.0,2.9493394285714287,-0.4124129153269076,2.94838,trailing_stop,,
2025-07-09T12:29:34.732196,FILUSDC,BUY,2.376,2.359942857142857,2.4000857142857144,24.911032028469545,MomentumStrategy,5.0,2.359942857142857,-0.4483985765124467,2.358,trailing_stop,,
2025-07-09T12:33:29.313154,LTCUSDC,BUY,88.65,88.2837142857143,89.19942857142858,1.0920436817472852,MomentumStrategy,5.0,88.2837142857143,-0.4040561622465005,88.28,trailing_stop,,
2025-07-09T12:33:29.516282,DOGEUSDC,BUY,0.17419,0.1731362857142857,0.1757705714285714,379.6095444685427,MomentumStrategy,5.0,0.1737739285714286,-0.216377440347075,0.17362,trailing_stop,,
2025-07-09T12:46:00.464708,WLDUSDC,BUY,0.88402,0.8771462857142858,0.8943305714285714,58.19270097264965,MomentumStrategy,5.0,0.8771462857142858,-0.425970571119795,0.8767,trailing_stop,,
2025-07-09T12:53:30.136952,XRPUSDC,BUY,2.3848,2.3655057142857143,2.4169571428571426,20.731526728861493,MomentumStrategy,5.0,2.3935357142857145,0.1782911298682168,2.3934,trailing_stop,,
2025-07-09T12:57:16.551812,CRVUSDC,BUY,0.5503,0.5363142857142857,0.5776714285714286,29.01554404145077,MomentumStrategy,5.0,0.5521607142857143,0.0145077720207237,0.5508,trailing_stop,,
2025-07-09T13:16:12.370055,BTCUSDC,BUY,109677.9,109440.97428571428,110033.28857142857,0.0016882928946987,MomentumStrategy,5.0,109440.97428571428,-0.4528001543581864,109409.7,trailing_stop,,
2025-07-09T13:37:43.611256,SUIUSDC,BUY,2.95205,2.933894857142857,2.978307714285714,22.51600244459461,MomentumStrategy,5.0,2.9852464285714286,0.5912187590466106,3.0762,take_profit,,
2025-07-09T13:44:11.200956,XRPUSDC,BUY,2.3732,2.359328571428571,2.394257142857142,28.62985685071539,MomentumStrategy,5.0,2.3747357142857144,-0.0486707566462171,2.3715,trailing_stop,,
2025-07-09T13:46:44.048381,BTCUSDC,BUY,109406.1,109182.97428571428,109775.28857142857,0.0016882928946987,MomentumStrategy,5.0,109182.97428571428,-0.3802035598861669,109180.9,trailing_stop,,
2025-07-09T13:50:27.313700,DOGEUSDC,BUY,0.17388,0.1727862857142857,0.1755205714285714,365.72622779519486,MomentumStrategy,5.0,0.1733139285714285,-0.212121212121212,0.1733,trailing_stop,,
2025-07-09T13:51:41.788602,BCHUSDC,BUY,509.15,506.0677142857143,513.7734285714286,0.1297738227660362,MomentumStrategy,5.0,506.0677142857143,0.6,514.39,take_profit,,
2025-07-09T14:15:05.356032,1000BONKUSDC,SELL,0.020664,0.0215205714285714,0.0189478571428571,466.4334499416952,MomentumStrategy,5.0,0.0215205714285714,-0.436581709145428,0.0216,trailing_stop,,
2025-07-09T14:19:02.522825,WIFUSDC,BUY,0.8643,0.8557485714285714,0.8768771428571428,47.32927653820159,MomentumStrategy,5.0,0.8557485714285714,0.5952670723461805,0.9603,take_profit,,
2025-07-10T00:15:46.511578,ETHFIUSDC,BUY,1.0994,1.0473142857142856,1.2026714285714286,7.724137931034478,MomentumStrategy,5.0,1.0660321428571429,0.7976827586206899,1.2028,take_profit,,
2025-07-10T01:35:38.862930,TRUMPUSDC,BUY,9.324,9.081285714285714,9.797428571428572,1.6756433273488918,MomentumStrategy,5.0,9.596035714285714,0.7932974266906052,9.804,take_profit,,
2025-07-10T02:59:22.445139,SOLUSDC,BUY,158.3,154.82142857142858,165.25714285714287,0.1149897330595483,MomentumStrategy,5.0,157.16314285714287,-0.1356878850102677,157.12,trailing_stop,,
2025-07-10T04:43:50.869782,1000BONKUSDC,BUY,0.022452,0.021344,0.0245839999999999,370.3703703703712,MomentumStrategy,5.0,0.0229453214285714,0.1774074074074079,0.022931,trailing_stop,,
2025-07-10T04:48:21.751540,PNUTUSDC,BUY,0.24357,0.2326371428571428,0.2654357142857143,36.5869593623416,MomentumStrategy,5.0,0.238025,-0.2070821899908534,0.23791,trailing_stop,,
2025-07-10T04:57:17.612052,AAVEUSDC,SELL,298.22,301.32714285714286,293.4342857142857,0.126696832579186,MomentumStrategy,5.0,298.7432142857143,0.6063348416289677,293.37,take_profit,,
2025-07-10T05:46:15.443255,LINKUSDC,BUY,14.263,14.131142857142857,14.438285714285714,3.2558139534883743,MomentumStrategy,5.0,14.131142857142857,0.5706976744186035,14.439,take_profit,,
2025-07-10T06:55:57.190206,SUIUSDC,BUY,3.19451,3.103892857142857,3.377214285714285,4.390435123480978,MomentumStrategy,5.0,3.3982364285714284,0.8021513132105003,3.48919,take_profit,,
2025-07-10T07:19:27.680419,ETHUSDC,BUY,2812.29,2754.675714285714,2929.9485714285715,0.0068464679560847,MomentumStrategy,5.0,2787.132857142857,-0.1732156392889441,2786.99,trailing_stop,,
2025-07-10T07:28:15.670070,BNBUSDC,BUY,671.63,669.4791428571428,674.8562857142857,0.1859723698193406,MomentumStrategy,5.0,670.0364285714285,-0.3273113708820377,669.87,trailing_stop,,
2025-07-10T07:31:11.255763,ADAUSDC,BUY,0.6302,0.6250657142857142,0.6381514285714286,76.41921397379866,MomentumStrategy,5.0,0.6250657142857142,-0.4279475982532678,0.6246,trailing_stop,,
2025-07-10T07:32:37.504579,FILUSDC,SELL,2.453,2.5044285714285714,2.350142857142857,7.777777777777752,MomentumStrategy,5.0,2.5044285714285714,-1.0577777777777753,2.589,trailing_stop,,
2025-07-10T07:39:37.701662,CRVUSDC,BUY,0.5666,0.56084,0.57524,69.4444444444446,MomentumStrategy,5.0,0.5648607142857143,-0.1736111111111078,0.5641,trailing_stop,,
2025-07-10T07:45:15.984031,LTCUSDC,SELL,91.0,91.6317142857143,90.07742857142856,0.6433823529411717,MomentumStrategy,5.0,91.6317142857143,-2.399816176470573,94.73,trailing_stop,,
2025-07-10T07:45:16.373871,XRPUSDC,BUY,2.4347,2.415991428571429,2.459762857142857,22.845953002610965,MomentumStrategy,5.0,2.4362357142857145,-0.0274151436031301,2.4335,trailing_stop,,
2025-07-10T07:45:16.533550,ENAUSDC,BUY,0.2908,0.2798428571428571,0.3121142857142858,37.18459495351927,MomentumStrategy,5.0,0.2910428571428571,0.7925630810092992,0.3174,take_profit,,
2025-07-10T07:47:57.583310,ARBUSDC,BUY,0.361,0.3508571428571428,0.3812857142857142,39.43661971830995,MomentumStrategy,5.0,0.3773964285714285,0.7999999999999978,0.3962,take_profit,,
2025-07-10T07:53:19.773323,BCHUSDC,BUY,515.21,512.4351428571429,519.3722857142857,0.1441515650741335,MomentumStrategy,5.0,512.4351428571429,-1.020593080724871,508.13,trailing_stop,,
2025-07-10T07:54:39.819981,LINKUSDC,BUY,14.39,14.263428571428571,14.579857142857144,3.160270880361158,MomentumStrategy,5.0,14.92942857142857,0.5999999999999973,15.238,take_profit,,
2025-07-10T07:57:17.750359,WLDUSDC,BUY,0.9249,0.8989800000000001,0.97674,15.432098765432134,MomentumStrategy,5.0,0.8989800000000001,0.8000000000000017,1.06837,take_profit,,
2025-07-10T07:59:54.007906,TIAUSDC,SELL,1.7154,1.7750142857142857,1.5961714285714288,6.7098011023244775,MomentumStrategy,5.0,1.7750142857142857,-0.8856937455068303,1.8474,trailing_stop,,
2025-07-10T08:29:09.378884,XRPUSDC,BUY,2.4552,2.429068571428572,2.4992857142857146,15.190972222222292,MomentumStrategy,5.0,2.4519357142857143,-0.0668402777777774,2.4508,trailing_stop,,
2025-07-10T08:58:49.585217,PNUTUSDC,BUY,0.24279,0.2318157142857142,0.2646185714285714,36.58217925267829,MomentumStrategy,5.0,0.252185,0.3402142670499071,0.25209,trailing_stop,,
2025-07-10T09:51:59.220439,WIFUSDC,BUY,0.9641,0.9301285714285714,1.032042857142857,11.774600504625749,MomentumStrategy,5.0,0.9301285714285714,0.8000000000000002,1.0489,take_profit,,
2025-07-10T09:59:40.409175,XRPUSDC,BUY,2.4426,2.4264457142857143,2.466831428571429,24.76123098691181,MomentumStrategy,5.0,2.4383357142857145,-0.1634241245136219,2.436,trailing_stop,,
2025-07-10T10:44:35.785939,XRPUSDC,BUY,2.4342,2.4191828571428573,2.456725714285714,26.636225266362285,MomentumStrategy,5.0,2.4299357142857145,-0.1305175038051785,2.4293,trailing_stop,,
2025-07-10T11:56:36.671480,XRPUSDC,BUY,2.4536,2.43812,2.47582,26.52519893899169,MomentumStrategy,5.0,2.448935714285714,-0.1299734748010508,2.4487,trailing_stop,,
2025-07-10T12:36:59.991908,BTCUSDC,SELL,110849.1,111088.03142857144,110490.70285714288,0.0016741204888432,MomentumStrategy,5.0,110950.13214285714,-8.606151196996233,115989.8,trailing_stop,,
2025-07-10T12:49:14.907011,1000PEPEUSDC,SELL,0.0110535,0.0113321857142857,0.0104856285714285,1417.50620158963,MomentumStrategy,5.0,0.0112500892857142,-1.9204374019136303,0.0124083,trailing_stop,,
2025-07-10T12:58:47.746690,AVAXUSDC,BUY,19.582,19.41794285714285,19.85542857142857,2.438174851967958,MomentumStrategy,5.0,19.753714285714285,0.666666666666658,20.706,take_profit,,
2025-07-10T13:33:31.999303,PNUTUSDC,BUY,0.25144,0.2404671428571428,0.2733857142857143,36.45358677255565,MomentumStrategy,5.0,0.288135,0.8,0.29352,take_profit,,
2025-07-10T13:42:47.232847,SOLUSDC,SELL,157.09,158.0157142857143,155.70142857142858,0.4320987654320957,MomentumStrategy,5.0,158.0157142857143,-3.1197530864197303,164.31,trailing_stop,,
2025-07-10T13:45:23.676804,CRVUSDC,BUY,0.5642,0.5597657142857143,0.5708514285714286,90.20618556701012,MomentumStrategy,5.0,0.5935607142857143,0.5999999999999951,0.5997,take_profit,,
2025-07-10T13:46:42.615693,ETHUSDC,BUY,2785.12,2770.019714285714,2806.8454285714283,0.0271549383194969,MomentumStrategy,5.0,2925.582857142857,0.5899526728217749,2950.74,take_profit,,
2025-07-10T13:48:02.356822,DOGEUSDC,SELL,0.17973,0.181472,0.1768799999999999,232.2880371660858,MomentumStrategy,5.0,0.1801460714285714,-3.554006968641114,0.19503,trailing_stop,,
2025-07-10T13:58:07.883084,XRPUSDC,BUY,2.4272,2.411245714285714,2.4511314285714287,25.0716332378222,MomentumStrategy,5.0,2.5424357142857144,0.6000000000000001,2.5467,take_profit,,
2025-07-11T00:39:33.338219,SUIUSDC,BUY,3.42481,3.31113,3.65448,1.7474879860200938,MomentumStrategy,5.0,3.4601464285714285,0.0552031454783747,3.4564,trailing_stop,,
2025-07-11T00:45:53.418822,BNBUSDC,BUY,686.9,684.0022857142857,691.4465714285715,0.0671656112070607,MomentumStrategy,5.0,688.1864285714286,0.3053732488965637,691.45,take_profit,,
2025-07-11T00:45:53.581188,ENAUSDC,BUY,0.3114,0.2981714285714286,0.3378571428571429,15.118790496760267,MomentumStrategy,5.0,0.3283428571428571,0.4000000000000008,0.3547,take_profit,,
2025-07-11T00:50:30.024203,FILUSDC,BUY,2.559,2.496571428571429,2.6838571428571427,3.203661327231129,MomentumStrategy,5.0,2.572857142857143,0.0160183066361553,2.564,trailing_stop,,
2025-07-11T00:53:31.828562,TRUMPUSDC,BUY,9.763,9.503571428571428,10.281857142857142,0.7709251101321576,MomentumStrategy,5.0,9.968035714285714,0.1318281938325984,9.934,trailing_stop,,
2025-07-11T00:53:31.970132,AVAXUSDC,BUY,20.555,20.033142857142856,21.607714285714284,0.3810560696788235,MomentumStrategy,5.0,20.53671428571429,-0.011812738160043,20.524,trailing_stop,,
2025-07-11T00:56:29.481390,WLDUSDC,BUY,1.07486,1.0285342857142858,1.1674514285714286,4.319121367310432,MomentumStrategy,5.0,1.0285342857142858,-0.2014006293576852,1.02823,trailing_stop,,
2025-07-11T00:59:27.459469,CRVUSDC,BUY,0.6025,0.5851714285714286,0.6374571428571429,11.475409836065554,MomentumStrategy,5.0,0.6327607142857143,0.4011475409836064,0.6389,take_profit,,
2025-07-11T01:53:48.868120,LTCUSDC,BUY,94.68,92.75,98.54,0.1036269430051809,MomentumStrategy,5.0,94.94035714285714,0.0217616580310873,94.89,trailing_stop,,
2025-07-11T02:40:25.209786,XRPUSDC,BUY,2.5853,2.522042857142857,2.7115142857142853,3.166704365528181,MomentumStrategy,5.0,2.5810357142857145,-0.0193168966297218,2.5792,trailing_stop,,
2025-07-11T04:45:52.631636,ENAUSDC,BUY,0.3492,0.3281142857142857,0.3913714285714286,9.485094850948496,MomentumStrategy,5.0,0.3545428571428571,0.0483739837398372,0.3543,trailing_stop,,
2025-07-11T04:59:01.045784,ARBUSDC,BUY,0.4202,0.4038428571428571,0.4529142857142857,12.227074235807867,MomentumStrategy,5.0,0.4136964285714285,-0.0819213973799131,0.4135,trailing_stop,,
2025-07-11T05:26:38.897888,AAVEUSDC,BUY,311.5,302.0457142857143,330.4085714285714,0.0211544273194319,MomentumStrategy,5.0,310.21678571428566,-0.0308854638863701,310.04,trailing_stop,,
2025-07-11T05:33:50.083114,CRVUSDC,BUY,0.6408,0.6196285714285714,0.6843428571428571,9.271523178807946,MomentumStrategy,5.0,0.6423607142857143,0.0055629139072841,0.6414,trailing_stop,,
2025-07-11T05:36:38.442783,BTCUSDC,BUY,117839.9,116584.83714285714,119931.67142857144,0.0001593545684678,MomentumStrategy,5.0,118026.56785714286,0.0127802363911194,117920.1,trailing_stop,,
2025-07-11T05:39:27.688080,ETHUSDC,BUY,3004.9,2920.808571428572,3173.0828571428574,0.0023783636857841,MomentumStrategy,5.0,3002.732857142857,-0.0107264202228868,3000.39,trailing_stop,,
2025-07-11T05:43:38.521206,ADAUSDC,BUY,0.6969,0.6756142857142857,0.7394714285714286,9.395973154362435,MomentumStrategy,5.0,0.6896107142857143,-0.0808053691275163,0.6883,trailing_stop,,
2025-07-11T05:49:12.729338,BNBUSDC,BUY,694.79,689.8305714285715,703.1357142857144,0.0400847506155873,MomentumStrategy,5.0,692.0564285714286,-0.1110347592051761,692.02,trailing_stop,,
2025-07-11T05:49:12.864071,ETHFIUSDC,BUY,1.2694,1.207142857142857,1.3927142857142856,3.2332563510392625,MomentumStrategy,5.0,1.207142857142857,-0.2056351039260974,1.2058,trailing_stop,,
2025-07-11T05:54:40.260586,WIFUSDC,BUY,1.0724,1.0198857142857145,1.1777285714285717,3.801248981808308,MomentumStrategy,5.0,1.0198857142857145,-0.211729568286723,1.0167,trailing_stop,,
2025-07-11T05:55:59.951856,1000PEPEUSDC,BUY,0.0129348,0.0122320428571428,0.0142998142857142,290.1674680815784,MomentumStrategy,5.0,0.0127502107142857,-0.0535649146078593,0.0127502,trailing_stop,,
2025-07-11T05:56:00.331924,BCHUSDC,BUY,523.77,520.2328571428571,528.8257142857142,0.0581878636741486,MomentumStrategy,5.0,520.2328571428571,-0.2088944305901953,520.18,trailing_stop,,
2025-07-11T05:56:00.480844,LINKUSDC,BUY,15.538,15.143285714285714,16.32142857142857,0.5092761004001455,MomentumStrategy,5.0,15.29142857142857,-0.1278283012004362,15.287,trailing_stop,,
2025-07-11T05:57:18.696078,TIAUSDC,BUY,1.9293,1.849557142857143,2.086085714285714,2.536691429606818,MomentumStrategy,5.0,1.849557142857143,-0.2054720057981521,1.8483,trailing_stop,,
2025-07-11T05:58:35.991498,DOGEUSDC,BUY,0.19835,0.1918628571428571,0.2114142857142857,30.68829460762822,MomentumStrategy,5.0,0.1992339285714285,0.0233231039017977,0.19911,trailing_stop,,
2025-07-11T06:46:47.646392,CRVUSDC,BUY,0.6346,0.6121285714285715,0.6795428571428572,8.900190718372532,MomentumStrategy,5.0,0.6286607142857144,-0.0596312778130963,0.6279,trailing_stop,,
2025-07-11T06:49:30.834954,WIFUSDC,SELL,1.0158,1.0715142857142856,0.9058714285714284,7.244501940491599,MomentumStrategy,5.0,1.0715142857142856,-0.4419146183699871,1.0768,trailing_stop,,
2025-07-11T06:52:19.236967,PNUTUSDC,SELL,0.28419,0.3050442857142857,0.2429914285714285,19.33835209613924,MomentumStrategy,5.0,0.287865,-0.0740658885282132,0.28802,trailing_stop,,
2025-07-11T06:55:07.736062,ARBUSDC,BUY,0.413,0.3941285714285714,0.4504428571428571,21.30898021308983,MomentumStrategy,5.0,0.4064964285714285,-0.1640791476407913,0.4053,trailing_stop,,
2025-07-11T08:35:43.066656,ADAUSDC,BUY,0.7132,0.6915285714285715,0.7571428571428572,18.288700195950383,MomentumStrategy,5.0,0.7252107142857144,0.2139777922926203,0.7249,trailing_stop,,
2025-07-11T08:57:36.631723,XRPUSDC,BUY,2.5837,2.5213857142857146,2.708628571428571,6.408789196612516,MomentumStrategy,5.0,2.5836357142857143,-0.0019226367589821,2.5834,trailing_stop,,
2025-07-11T08:59:03.120178,AAVEUSDC,BUY,314.48,304.7114285714286,334.07714285714286,0.0408639813193229,MomentumStrategy,5.0,312.7267857142857,-0.0817279626386458,312.48,trailing_stop,,
2025-07-11T09:50:54.413393,ETHUSDC,BUY,3024.3,2934.0714285714284,3202.687142857143,0.0044673484691353,MomentumStrategy,5.0,2999.882857142857,-0.1125325079375184,2999.11,trailing_stop,,
2025-07-11T09:59:25.863162,LINKUSDC,BUY,15.468,15.051142857142858,16.310714285714283,0.9527050017012618,MomentumStrategy,5.0,15.54742857142857,0.0485879550867645,15.519,trailing_stop,,
2025-07-11T10:26:31.269655,XRPUSDC,BUY,2.6437,2.576085714285714,2.780728571428571,5.863874345549733,MomentumStrategy,5.0,2.6400357142857143,-0.0463246073298416,2.6358,trailing_stop,,
2025-07-11T10:56:49.446866,XRPUSDC,BUY,2.6448,2.5772000000000004,2.7833,5.822416302765668,MomentumStrategy,5.0,2.6464357142857144,-0.0192139737991258,2.6415,trailing_stop,,
2025-07-11T11:47:29.200504,XRPUSDC,BUY,2.6151,2.5487,2.7479,6.024096385542188,MomentumStrategy,5.0,2.6300357142857145,0.0753012048192784,2.6276,trailing_stop,,
2025-07-11T11:54:42.005695,DOGEUSDC,BUY,0.19932,0.1933557142857142,0.2112185714285714,67.17850287907866,MomentumStrategy,5.0,0.1996939285714286,0.0208253358925147,0.19963,trailing_stop,,
2025-07-11T12:58:49.344096,ADAUSDC,BUY,0.7473,0.7209142857142857,0.7982714285714286,15.512465373961213,MomentumStrategy,5.0,0.7482107142857143,-0.0449861495844877,0.7444,trailing_stop,,
2025-07-11T13:16:31.806312,DOGEUSDC,BUY,0.20122,0.1950242857142857,0.2135814285714286,64.66512702078514,MomentumStrategy,5.0,0.2006939285714286,-0.042032332563511,0.20057,trailing_stop,,
2025-07-11T13:29:48.210273,ADAUSDC,BUY,0.7468,0.7189,0.8023,14.38848920863307,MomentumStrategy,5.0,0.7471107142857143,-0.0014388489208631,0.7467,trailing_stop,,
2025-07-11T13:34:10.959912,LTCUSDC,BUY,95.73,94.60628571428572,97.60285714285716,0.3559623696923468,MomentumStrategy,5.0,96.23035714285714,0.6666666666666716,97.86,take_profit,,
2025-07-11T13:34:11.105429,SOLUSDC,SELL,164.27,166.24057142857143,160.9857142857143,0.2029868058576203,MomentumStrategy,5.0,166.19685714285714,-0.4891982021168642,166.68,trailing_stop,,
2025-07-11T13:35:35.202337,XRPUSDC,BUY,2.6986,2.6284428571428573,2.852414285714286,5.357826253348649,MomentumStrategy,5.0,2.7277357142857146,0.1435897435897446,2.7254,trailing_stop,,
2025-07-11T13:45:29.777053,SUIUSDC,BUY,3.50541,3.467063428571429,3.576504857142857,9.13730762704122,MomentumStrategy,5.0,3.4770464285714286,-1.0968424075500274,3.38537,trailing_stop,,
2025-07-11T13:46:57.674517,AAVEUSDC,BUY,310.03,306.28257142857143,315.6511428571428,0.106739859713328,MomentumStrategy,5.0,307.27678571428567,-0.450442207990241,305.81,trailing_stop,,
2025-07-11T13:46:57.819465,DOGEUSDC,BUY,0.20046,0.1938885714285714,0.2131828571428571,62.19458018658359,MomentumStrategy,5.0,0.2015439285714285,0.0621945801865836,0.20146,trailing_stop,,
2025-07-11T13:46:57.961490,BTCUSDC,BUY,117479.2,116591.36285714286,119014.92857142857,0.0004401228571518,MomentumStrategy,5.0,117791.16785714286,0.0993797411448777,117705.0,trailing_stop,,
2025-07-11T13:56:33.606468,1000PEPEUSDC,SELL,0.0127645,0.0132917571428571,0.0117105857142857,758.9309914891298,MomentumStrategy,5.0,0.0129172892857142,-0.1218843172331545,0.0129251,trailing_stop,,
2025-07-11T13:58:00.077119,BCHUSDC,BUY,528.56,523.1274285714285,537.6142857142856,0.0736299568738819,MomentumStrategy,5.0,525.5925,-0.2223624697591219,525.54,trailing_stop,,
2025-07-11T14:23:39.846664,DOGEUSDC,BUY,0.20545,0.1988171428571428,0.2186257142857142,60.57983556901758,MomentumStrategy,5.0,0.2053639285714285,-0.0145391605365636,0.20521,trailing_stop,,
2025-07-11T14:30:51.766081,XRPUSDC,BUY,2.7887,2.691642857142857,2.982814285714286,4.121283485428315,MomentumStrategy,5.0,2.7851357142857145,-0.0251398292611127,2.7826,trailing_stop,,
2025-07-11T14:32:17.285962,SOLUSDC,BUY,167.66,165.67542857142857,170.9942857142857,0.2005443346225479,MomentumStrategy,5.0,166.12314285714288,-0.4091104426299961,165.62,trailing_stop,,
2025-07-11T14:38:04.243268,TRUMPUSDC,BUY,10.294,9.955142857142858,10.962714285714286,1.1909825606125086,MomentumStrategy,5.0,10.156035714285714,-0.206039982985964,10.121,trailing_stop,,
2025-07-11T14:54:34.999966,BNBUSDC,SELL,691.48,694.3074285714285,687.438857142857,0.1455906821963379,MomentumStrategy,5.0,691.6435714285715,-0.0436772046588947,691.78,trailing_stop,,
2025-07-11T14:54:35.157966,DOGEUSDC,BUY,0.20339,0.1966642857142857,0.2165414285714286,60.37084950409656,MomentumStrategy,5.0,0.2039539285714285,0.0265631737818039,0.20383,trailing_stop,,
2025-07-11T14:58:33.255057,BTCUSDC,SELL,117684.0,118598.74285714286,116159.42857142858,0.0004372813593203,MomentumStrategy,5.0,117258.33214285714,0.0650237381309273,117535.3,trailing_stop,,
2025-07-11T15:26:43.535778,ADAUSDC,BUY,0.7675,0.7372,0.8284,13.157894736842112,MomentumStrategy,5.0,0.7632107142857143,-0.0881578947368412,0.7608,trailing_stop,,
2025-07-11T15:29:27.006039,XRPUSDC,BUY,2.9537,2.8390285714285715,3.192342857142857,3.3964095099466327,MomentumStrategy,5.0,2.9518357142857146,-0.1419699175157687,2.9119,trailing_stop,,
2025-07-11T15:30:46.186658,DOGEUSDC,BUY,0.20773,0.2006628571428571,0.2219242857142857,56.4402338238257,MomentumStrategy,5.0,0.2072039285714285,-0.0451521870590602,0.20693,trailing_stop,,
2025-07-11T15:32:06.234590,SOLUSDC,BUY,164.2,162.9205714285714,166.41914285714284,0.2858309514087352,MomentumStrategy,5.0,162.98314285714287,-0.4630461412821442,162.58,trailing_stop,,
2025-07-11T15:43:02.372904,LTCUSDC,BUY,98.06,96.04571428571428,102.1185714285714,0.197600564573042,MomentumStrategy,5.0,96.44035714285714,-0.7429781227946389,94.3,trailing_stop,,
2025-07-11T15:55:28.549895,1000PEPEUSDC,BUY,0.0126177,0.0120864714285714,0.0136498571428571,767.5649003536273,MomentumStrategy,5.0,0.0123951107142857,-0.1856739493955435,0.0123758,trailing_stop,,
2025-07-11T15:56:50.337946,ADAUSDC,BUY,0.7418,0.7099142857142857,0.8061714285714286,12.466607301869995,MomentumStrategy,5.0,0.7291107142857143,-0.3964381121994665,0.71,trailing_stop,,
2025-07-11T15:56:50.490634,AAVEUSDC,SELL,304.65,308.6062857142857,298.6905714285714,0.1008500216107184,MomentumStrategy,5.0,303.1232142857143,0.6010085002161059,297.75,take_profit,,
2025-07-12T00:38:30.467840,FILUSDC,SELL,2.529,2.6198571428571427,2.3472857142857144,4.4025157232704455,MomentumStrategy,5.0,2.6198571428571427,-0.4050314465408813,2.621,trailing_stop,,
2025-07-12T00:52:47.721633,CRVUSDC,SELL,0.6216,0.6461142857142858,0.5707714285714286,15.927189988623413,MomentumStrategy,5.0,0.6271392857142857,-0.1226393629123991,0.6293,trailing_stop,,
2025-07-12T04:34:59.608235,AAVEUSDC,SELL,300.33,309.35714285714283,282.2757142857143,0.0443108086722583,MomentumStrategy,5.0,302.5432142857143,-0.109004589333757,302.79,trailing_stop,,
2025-07-12T04:55:04.446832,ENAUSDC,SELL,0.3308,0.3463714285714285,0.2993571428571428,25.524156791248885,MomentumStrategy,5.0,0.3463714285714285,-0.4466727438468559,0.3483,trailing_stop,,
2025-07-12T04:55:04.585362,BNBUSDC,SELL,693.13,696.5465714285715,688.0051428571428,0.1170764341863163,MomentumStrategy,5.0,693.8435714285715,-0.0983442047165094,693.97,trailing_stop,,
2025-07-12T04:58:06.162971,TRUMPUSDC,SELL,9.72,10.115714285714288,8.922571428571429,1.0057471264367794,MomentumStrategy,5.0,9.856964285714286,-0.1397988505747117,9.859,trailing_stop,,
2025-07-12T04:58:06.300899,LTCUSDC,SELL,92.87,95.68571428571428,87.23857142857145,0.1420598680872657,MomentumStrategy,5.0,94.12964285714284,-0.1789954337899535,94.13,trailing_stop,,
2025-07-12T05:14:17.364191,BCHUSDC,SELL,519.81,524.3194285714286,512.9208571428571,0.0877302920165426,MomentumStrategy,5.0,524.3194285714286,0.6043865146008178,512.71,take_profit,,
2025-07-12T06:39:47.296287,BCHUSDC,SELL,517.26,521.8597142857143,510.03542857142855,0.0845717047239336,MomentumStrategy,5.0,521.8597142857143,-0.3991784462969689,521.98,trailing_stop,,
2025-07-12T06:57:35.890445,1000BONKUSDC,SELL,0.022028,0.0230012857142857,0.0200664285714285,408.8785046728964,MomentumStrategy,5.0,0.0230012857142857,-1.3243574766355124,0.025267,trailing_stop,,
2025-07-12T07:43:06.517921,AAVEUSDC,BUY,302.47,294.21142857142854,318.89714285714285,0.0486111111111109,MomentumStrategy,5.0,301.77678571428567,-0.0422916666666667,301.6,trailing_stop,,
2025-07-12T09:53:09.623275,BTCUSDC,BUY,118196.6,117922.62857142858,118607.55714285714,0.0014600062571696,MomentumStrategy,5.0,117922.62857142858,-0.4083637501303541,117916.9,trailing_stop,,
2025-07-12T11:32:46.356941,AVAXUSDC,BUY,20.989,20.7758,21.3088,1.8761726078799208,MomentumStrategy,5.0,20.7758,-0.5384615384615354,20.702,trailing_stop,,
2025-07-12T11:57:52.384934,SOLUSDC,SELL,161.56,162.6397142857143,160.01542857142857,0.3810560696788235,MomentumStrategy,5.0,162.24685714285712,-0.2857920522591176,162.31,trailing_stop,,
2025-07-12T11:59:19.718924,ETHUSDC,BUY,2962.5,2946.5874285714285,2986.368857142857,0.0251373577046,MomentumStrategy,5.0,2946.5874285714285,-0.4984738032822161,2942.67,trailing_stop,,
2025-07-13T00:56:37.533146,BCHUSDC,BUY,505.25,501.16942857142857,511.3708571428571,0.0980254866265228,MomentumStrategy,5.0,501.16942857142857,0.5999999999999971,511.47,take_profit,,
2025-07-13T01:49:03.055351,AVAXUSDC,BUY,21.019,20.78405714285714,21.378914285714284,1.6810758885686756,MomentumStrategy,5.0,20.78405714285714,0.6050432276657033,21.383,take_profit,,
2025-07-13T01:56:26.089166,LINKUSDC,BUY,15.165,15.020942857142856,15.381085714285714,2.776675922253069,MomentumStrategy,5.0,15.07542857142857,0.6,15.384,take_profit,,
2025-07-13T02:54:00.082183,AAVEUSDC,BUY,301.74,299.11485714285715,305.6777142857143,0.1523726599912927,MomentumStrategy,5.0,300.4367857142857,0.5999999999999956,305.81,take_profit,,
2025-07-13T05:06:10.826486,BNBUSDC,BUY,687.89,686.026,690.686,0.2145922746781078,MomentumStrategy,5.0,687.4864285714285,0.6,690.75,take_profit,,
2025-07-13T05:36:45.594220,LTCUSDC,BUY,94.1,93.51057142857144,94.95914285714288,0.6903353057199288,MomentumStrategy,5.0,93.51057142857144,0.5930966469428266,94.96,take_profit,,
2025-07-13T05:58:30.170924,CRVUSDC,BUY,0.6201,0.6047857142857143,0.6507285714285714,26.11940298507461,MomentumStrategy,5.0,0.6368607142857143,0.4179104477611941,0.6361,trailing_stop,,
2025-07-13T06:38:48.140845,ADAUSDC,BUY,0.7456,0.7250857142857143,0.7866285714285716,19.49860724233984,MomentumStrategy,5.0,0.7355107142857144,-0.1969359331476323,0.7355,trailing_stop,,
2025-07-13T06:51:39.513851,ETHUSDC,BUY,2960.89,2947.712285714286,2980.406571428572,0.03058638468933,MomentumStrategy,5.0,2947.712285714286,-0.4208686533251736,2947.13,trailing_stop,,
2025-07-13T07:36:36.672510,ARBUSDC,BUY,0.4142,0.4039285714285714,0.4344428571428572,39.32584269662929,MomentumStrategy,5.0,0.4139964285714285,,,,,
2025-07-13T07:46:23.569582,ETHFIUSDC,BUY,1.158,1.122642857142857,1.230214285714286,11.155378486055724,MomentumStrategy,5.0,1.122642857142857,0.8055776892430274,1.2341,take_profit,,
2025-07-13T07:49:09.053752,TRUMPUSDC,BUY,9.698,9.632114285714286,9.796828571428572,6.071118820468299,MomentumStrategy,5.0,9.632114285714286,-0.406764960971377,9.631,trailing_stop,,
2025-07-13T07:53:14.887763,SUIUSDC,BUY,3.439,3.411748,3.479878,14.677821811243303,MomentumStrategy,5.0,3.411748,-0.4145016879495147,3.41076,trailing_stop,,
2025-07-13T08:50:53.272396,PNUTUSDC,SELL,0.26846,0.2728462857142857,0.2621305714285714,93.32089054792634,MomentumStrategy,5.0,0.2714549999999999,-0.2846287161711751,0.27151,trailing_stop,,
2025-07-13T08:53:40.310218,BNBUSDC,BUY,689.73,688.0585714285714,692.1871428571429,0.2422145328719687,MomentumStrategy,5.0,689.1064285714285,0.595155709342565,692.37,take_profit,,
2025-07-13T08:57:50.813165,ADAUSDC,BUY,0.7351,0.7138142857142856,0.7776714285714286,18.79194630872477,MomentumStrategy,5.0,0.7274107142857144,-0.1616107382550319,0.7265,trailing_stop,,
2025-07-13T09:28:17.785747,AVAXUSDC,BUY,21.306,20.81628571428572,22.28542857142857,0.8168028004667451,MomentumStrategy,5.0,21.12371428571429,,,,,
2025-07-13T09:45:03.745132,LINKUSDC,BUY,15.299,15.185428571428572,15.466857142857144,3.553299492385802,MomentumStrategy,5.0,15.185428571428572,0.5964467005076225,15.489,take_profit,,
2025-07-13T09:52:04.270712,TRUMPUSDC,BUY,9.65,9.580285714285717,9.75457142857143,5.737704918032813,MomentumStrategy,5.0,9.580285714285717,0.6000000000000051,9.758,take_profit,,
2025-07-13T09:59:00.108578,CRVUSDC,BUY,0.6366,0.6212285714285715,0.6688428571428571,25.20252025202526,MomentumStrategy,5.0,0.6419607142857143,0.1335733573357331,0.6419,trailing_stop,,
2025-07-13T10:34:46.546712,CRVUSDC,BUY,0.6423,0.6266,0.6737,25.47770700636953,MomentumStrategy,5.0,0.6677607142857144,0.8000000000000028,0.6739,take_profit,,
2025-07-13T10:52:47.694615,ADAUSDC,BUY,0.7252,0.7031285714285713,0.7693428571428571,18.12297734627827,MomentumStrategy,5.0,0.7421107142857143,0.2972168284789651,0.7416,trailing_stop,,
2025-07-13T11:35:38.122252,SOLUSDC,BUY,162.29,161.51971428571431,163.54542857142857,0.4936530324400666,MomentumStrategy,5.0,161.73314285714287,0.6197461212976197,163.66,take_profit,,
2025-07-13T11:42:32.520802,ETHUSDC,BUY,2961.81,2951.4280000000003,2979.808,0.03523608174771,MomentumStrategy,5.0,2961.252857142857,0.6341789992952862,2986.41,take_profit,,
2025-07-13T11:54:44.113199,PNUTUSDC,BUY,0.27641,0.2652428571428571,0.2985642857142857,36.012861736334365,MomentumStrategy,5.0,0.283115,0.2405659163987142,0.28309,trailing_stop,,
2025-07-13T11:56:10.325886,1000BONKUSDC,SELL,0.025392,0.0268055714285714,0.0225738571428571,283.57302005266376,MomentumStrategy,5.0,0.0262726785714285,-0.2506785497265545,0.026276,trailing_stop,,
2025-07-13T11:58:49.633155,BTCUSDC,BUY,118047.3,117841.27714285714,118356.33428571429,0.001941532146225,MomentumStrategy,5.0,118111.56785714286,0.5999999999999603,118473.7,take_profit,,
2025-07-13T11:58:49.801621,TRUMPUSDC,BUY,9.764,9.697142857142856,9.864285714285714,5.982905982905916,MomentumStrategy,5.0,9.697142857142856,0.5999999999999948,9.868,take_profit,,
2025-07-13T12:34:46.060168,BNBUSDC,BUY,691.96,690.6174285714286,694.0488571428572,0.2914238134887644,MomentumStrategy,5.0,690.6964285714286,-0.4458784346378347,690.43,trailing_stop,,
2025-07-13T12:43:59.842522,XRPUSDC,BUY,2.8188,2.7603142857142857,2.9357714285714285,6.839276990718129,MomentumStrategy,5.0,2.8147357142857143,-0.0553981436248153,2.8107,trailing_stop,,
2025-07-13T12:46:34.997094,SUIUSDC,BUY,3.4427,3.418217714285714,3.4794234285714283,16.33834375875256,MomentumStrategy,5.0,3.418217714285714,0.5999999999999928,3.50116,take_profit,,
2025-07-13T12:50:27.267698,DOGEUSDC,BUY,0.20039,0.1988468571428571,0.2028297142857142,251.0760401721678,MomentumStrategy,5.0,0.2006739285714285,0.0451936872309866,0.20057,trailing_stop,,
2025-07-13T12:50:27.404682,TIAUSDC,BUY,1.908,1.8868057142857144,1.9397914285714288,18.873011593421403,MomentumStrategy,5.0,1.8868057142857144,-0.4737125909948753,1.8829,trailing_stop,,
2025-07-13T12:50:27.541476,WLDUSDC,BUY,1.05585,1.0321642857142856,1.1032214285714286,16.887816646562108,MomentumStrategy,5.0,1.0321642857142856,0.8,1.10581,take_profit,,
2025-07-13T12:53:03.690245,ETHUSDC,BUY,2990.45,2978.043714285714,3009.0594285714283,0.0322417207866978,MomentumStrategy,5.0,2978.043714285714,-0.530698724149047,2973.99,trailing_stop,,
2025-07-13T12:54:21.744867,BTCUSDC,BUY,118473.8,118246.94285714286,118799.58571428571,0.0018094868812201,MomentumStrategy,5.0,118246.94285714286,-0.5965878247382618,118144.1,trailing_stop,,
2025-07-13T12:56:55.421196,AAVEUSDC,BUY,306.45,304.5102857142857,309.88457142857146,0.1860712387028155,MomentumStrategy,5.0,304.6067857142857,0.6390749601275927,309.98,take_profit,,
2025-07-13T12:56:55.575766,1000PEPEUSDC,BUY,0.0124619,0.0123263,0.0126652999999999,2949.85250737464,MomentumStrategy,5.0,0.0124135107142857,-0.3135693215339246,0.0123556,trailing_stop,,
2025-07-13T12:59:29.700396,LINKUSDC,BUY,15.461,15.353914285714286,15.621628571428571,3.73532550693702,MomentumStrategy,5.0,15.353914285714286,0.5999999999999968,15.631,take_profit,,
2025-07-13T13:25:26.314423,BTCUSDC,BUY,118311.6,118066.68857142856,118678.71714285716,0.0016339106484291,MomentumStrategy,5.0,118359.86785714286,0.5998366089351714,118722.0,take_profit,,
2025-07-13T13:26:46.538789,ETHUSDC,BUY,2981.49,2969.090571428572,3000.089142857142,0.0322595511313889,MomentumStrategy,5.0,2976.832857142857,0.5999999999999918,3001.99,take_profit,,
2025-07-13T13:37:15.030646,ENAUSDC,BUY,0.3486,0.3353571428571428,0.3741857142857143,30.905077262693155,MomentumStrategy,5.0,0.3356428571428571,,,,,
2025-07-13T13:38:34.940160,PNUTUSDC,BUY,0.28136,0.26781,0.30897,29.1545189504373,MomentumStrategy,5.0,0.277885,-0.106122448979591,0.27772,trailing_stop,,
2025-07-13T13:41:12.851470,BCHUSDC,BUY,511.77,509.082,515.802,0.1488095238095244,MomentumStrategy,5.0,509.082,-0.4196428571428577,508.95,trailing_stop,,
2025-07-13T13:43:46.338557,LTCUSDC,BUY,95.28,94.75485714285716,96.06771428571427,0.7616974972796573,MomentumStrategy,5.0,94.75485714285716,0.5999999999999946,96.16,take_profit,,
2025-07-13T13:43:46.480722,DOGEUSDC,BUY,0.2008,0.1991522857142857,0.2032965714285714,241.2961047914506,MomentumStrategy,5.0,0.2009439285714286,0.0168907273353983,0.20087,trailing_stop,,
2025-07-13T13:50:09.586811,XRPUSDC,BUY,2.8405,2.7795,2.9667,6.410256410256387,MomentumStrategy,5.0,2.8362357142857144,-0.0326923076923082,2.8354,trailing_stop,,
2025-07-13T13:56:32.702699,CRVUSDC,BUY,0.6688,0.6507714285714287,0.7057571428571427,21.82385035074053,MomentumStrategy,5.0,0.6685607142857143,-0.0087295401402952,0.6684,trailing_stop,,
2025-07-13T13:56:32.843471,BTCUSDC,BUY,118618.7,118357.81142857144,118993.78285714284,0.0015723976818365,MomentumStrategy,5.0,118762.06785714286,0.5897794150680171,119124.2,take_profit,,
2025-07-13T14:19:56.395890,AAVEUSDC,BUY,314.72,308.5514285714286,327.44714285714286,0.0635064640508049,MomentumStrategy,5.0,311.7267857142857,-0.207031072805627,311.46,trailing_stop,,
2025-07-13T14:19:56.540076,ETHUSDC,BUY,3015.91,3002.1991428571428,3036.6762857142853,0.0290047236264194,MomentumStrategy,5.0,3002.1991428571428,-0.4182481146929698,3001.49,trailing_stop,,
2025-07-13T14:22:40.180525,DOGEUSDC,BUY,0.20378,0.1993457142857142,0.2126485714285714,90.20618556701012,MomentumStrategy,5.0,0.2033139285714285,-0.0469072164948446,0.20326,trailing_stop,,
2025-07-13T14:24:01.375323,SUIUSDC,BUY,3.52744,3.4568357142857145,3.672968571428572,5.552140548472182,MomentumStrategy,5.0,3.4568357142857145,-0.4021970613313239,3.455,trailing_stop,,
2025-07-13T14:24:01.500442,SOLUSDC,BUY,163.89,163.05028571428574,165.07457142857143,0.4940014114326085,MomentumStrategy,5.0,163.05028571428574,-0.4446012702893364,162.99,trailing_stop,,
2025-07-13T14:24:01.624757,XRPUSDC,BUY,2.8824,2.816328571428571,3.019342857142857,5.910914080641734,MomentumStrategy,5.0,2.8791357142857144,-0.0248258391386951,2.8782,trailing_stop,,
2025-07-13T14:26:43.799896,BTCUSDC,BUY,119032.9,118773.56571428572,119521.15142857144,0.0013376392578013,MomentumStrategy,5.0,118773.56571428572,-0.3481874988056628,118772.6,trailing_stop,,
2025-07-13T14:26:43.937632,TRUMPUSDC,BUY,9.854,9.7856,9.9666,5.524861878453038,MomentumStrategy,5.0,9.7856,-0.4088397790055239,9.78,trailing_stop,,
2025-07-13T14:33:30.661903,LINKUSDC,BUY,15.773,15.59162857142857,16.075285714285716,2.205419029615617,MomentumStrategy,5.0,15.62342857142857,-0.3418399495904192,15.618,trailing_stop,,
2025-07-13T14:36:11.777416,TIAUSDC,BUY,1.9137,1.890922857142857,1.9478657142857143,17.56146512794784,MomentumStrategy,5.0,1.890922857142857,-0.4179628700451593,1.8899,trailing_stop,,
2025-07-13T14:41:25.979432,PNUTUSDC,BUY,0.28405,0.2698142857142857,0.3121314285714286,28.357302005266376,MomentumStrategy,5.0,0.278445,-0.1605023293498076,0.27839,trailing_stop,,
2025-07-13T14:45:18.192540,LTCUSDC,BUY,95.91,95.10571428571428,97.35714285714286,0.4737732656514362,MomentumStrategy,5.0,95.14035714285714,-0.4785109983079462,94.9,trailing_stop,,
2025-07-13T14:50:34.202104,BCHUSDC,BUY,507.13,504.4257142857143,511.51142857142855,0.1411290322580639,MomentumStrategy,5.0,504.4257142857143,-0.4064516129032233,504.25,trailing_stop,,
2025-07-13T14:50:34.328940,ETHUSDC,BUY,2982.8,2968.439428571429,3004.340857142857,0.0278540448052208,MomentumStrategy,5.0,2980.152857142857,0.6,3005.31,take_profit,,
2025-07-13T14:51:57.565137,AAVEUSDC,BUY,310.47,307.8014285714286,314.47285714285715,0.1498929336188422,MomentumStrategy,5.0,309.5367857142857,0.5999999999999912,314.91,take_profit,,
2025-07-13T14:51:57.710069,1000PEPEUSDC,BUY,0.0123504,0.0122043142857142,0.0125695285714285,2738.118521415993,MomentumStrategy,5.0,0.0123152107142857,-0.1273225112458427,0.0123039,trailing_stop,,
2025-07-13T14:51:57.863847,CRVUSDC,BUY,0.6655,0.6458,0.7042999999999998,20.51282051282056,MomentumStrategy,5.0,0.6623607142857143,-0.0758974358974345,0.6618,trailing_stop,,
2025-07-13T14:53:16.867871,DOGEUSDC,BUY,0.20059,0.1987462857142857,0.2031805714285714,225.51546391752456,MomentumStrategy,5.0,0.2025139285714285,0.426224226804122,0.20248,trailing_stop,,
2025-07-13T14:54:35.441971,XRPUSDC,BUY,2.8448,2.777328571428572,2.9803428571428574,5.910914080641734,MomentumStrategy,5.0,2.8408357142857144,-0.0301456618112734,2.8397,trailing_stop,,
2025-07-13T14:54:35.572268,SOLUSDC,BUY,162.65,161.82028571428572,163.89457142857142,0.482093663911844,MomentumStrategy,5.0,161.82028571428572,-0.4531680440771322,161.71,trailing_stop,,
2025-07-13T14:57:10.745315,BTCUSDC,BUY,118732.9,118428.90285714284,119189.14571428573,0.0013153691489561,MomentumStrategy,5.0,118686.06785714286,-0.1354830223424783,118629.9,trailing_stop,,
2025-07-13T14:57:10.878098,TRUMPUSDC,BUY,9.789,9.714828571428573,9.900257142857145,5.392912172573175,MomentumStrategy,5.0,9.714828571428573,-0.4206471494607045,9.711,trailing_stop,,
2025-07-13T15:18:49.254766,FILUSDC,BUY,2.623,2.5924,2.6740000000000004,13.071895424836525,MomentumStrategy,5.0,2.5924,-0.4183006535947691,2.591,trailing_stop,,
2025-07-13T15:38:16.624984,XRPUSDC,BUY,2.8259,2.756542857142857,2.9670142857142863,5.701486458969646,MomentumStrategy,5.0,2.8205357142857146,-0.0923640806353082,2.8097,trailing_stop,,
2025-07-13T15:39:36.391870,DOGEUSDC,BUY,0.19971,0.19786,0.20251,215.05376344086017,MomentumStrategy,5.0,0.1999239285714285,0.0365591397849469,0.19988,trailing_stop,,
2025-07-13T15:40:58.971665,BTCUSDC,BUY,118631.4,118320.93714285712,119097.09428571428,0.0012883988882957,MomentumStrategy,5.0,118588.66785714286,-0.0885130036259108,118562.7,trailing_stop,,
2025-07-13T15:42:20.919059,ETHUSDC,BUY,2993.05,2978.283142857143,3015.200285714286,0.0270876867115548,MomentumStrategy,5.0,2978.283142857143,-0.4195882671619902,2977.56,trailing_stop,,
2025-07-13T15:42:21.046018,ADAUSDC,BUY,0.7404,0.7159571428571428,0.7904857142857142,16.101207590569278,MomentumStrategy,5.0,0.7396107142857143,-0.0289821736630232,0.7386,trailing_stop,,
2025-07-13T15:46:21.255497,BNBUSDC,BUY,690.91,689.3791428571428,693.2062857142856,0.2612915266890629,MomentumStrategy,5.0,689.3791428571428,-0.4703247480403014,689.11,trailing_stop,,
2025-07-13T15:49:00.230388,FILUSDC,BUY,2.593,2.5404285714285715,2.698142857142857,7.608695652173925,MomentumStrategy,5.0,2.589857142857143,,,,,
2025-07-13T15:51:38.104695,AAVEUSDC,BUY,312.66,305.4485714285715,327.0828571428572,0.0554675118858956,MomentumStrategy,5.0,308.3567857142857,-0.2396196513470717,308.34,trailing_stop,,
2025-07-13T16:31:05.303840,CRVUSDC,BUY,0.6745,0.6519,0.7169999999999999,18.43317972350236,MomentumStrategy,5.0,0.6702607142857143,-0.1050691244239641,0.6688,trailing_stop,,
2025-07-13T16:46:54.725529,SOLUSDC,SELL,161.5,162.36771428571427,160.22342857142857,0.4663557628247864,MomentumStrategy,5.0,162.36771428571427,-0.4057295136575663,162.37,trailing_stop,,
2025-07-13T16:57:33.431770,1000PEPEUSDC,SELL,0.0122227,0.0123731085714285,0.0119963371428571,2654.129066504877,MomentumStrategy,5.0,0.0123707892857142,-0.4092667020550524,0.0123769,trailing_stop,,
2025-07-13T17:53:33.227781,SOLUSDC,BUY,162.7,161.71942857142858,164.17085714285713,0.4079254079254161,MomentumStrategy,5.0,161.71942857142858,-0.416083916083917,161.68,trailing_stop,,
2025-07-13T17:59:17.435881,XRPUSDC,BUY,2.8633,2.7868285714285714,3.014742857142857,5.2651372696502445,MomentumStrategy,5.0,2.8604357142857144,-0.0389620157954122,2.8559,trailing_stop,,
2025-07-13T18:35:16.285195,1000BONKUSDC,BUY,0.026886,0.0254405714285714,0.0298008571428571,275.2113229801456,MomentumStrategy,5.0,0.0261633214285714,-0.2193434244151758,0.026089,trailing_stop,,
2025-07-13T21:45:51.853496,TRUMPUSDC,SELL,9.593,9.684657142857144,9.455514285714283,4.364089775561107,MomentumStrategy,5.0,9.680964285714287,-0.4364089775561091,9.693,trailing_stop,,
2025-07-13T21:57:36.575787,LINKUSDC,BUY,15.631,15.241,16.411,1.0256410256410242,MomentumStrategy,5.0,15.97942857142857,0.3271794871794857,15.95,trailing_stop,,
2025-07-13T21:57:36.704231,1000PEPEUSDC,SELL,0.0123063,0.0124887457142857,0.0120326314285714,2192.4329741919387,MomentumStrategy,5.0,0.0123122892857142,-0.0245552493109522,0.0123175,trailing_stop,,
2025-07-13T21:59:01.935171,LTCUSDC,SELL,94.83,95.54028571428572,93.76457142857144,0.5631536604987907,MomentumStrategy,5.0,95.51964285714286,-0.4336283185840666,95.6,trailing_stop,,
2025-07-13T22:46:05.084049,BNBUSDC,SELL,691.78,693.8611428571428,688.6082857142857,0.1903725863475707,MomentumStrategy,5.0,693.5835714285715,-0.3883600761490589,693.82,trailing_stop,,
2025-07-14T00:31:06.393246,SUIUSDC,BUY,3.57113,3.475762857142857,3.772334285714285,4.046242774566479,MomentumStrategy,5.0,3.6894164285714286,0.8141213872832345,3.78037,take_profit,,
2025-07-14T00:43:58.090411,PNUTUSDC,BUY,0.28411,0.2661057142857143,0.3203585714285714,22.118650762303496,MomentumStrategy,5.0,0.278845,-0.1338178371119361,0.27806,trailing_stop,,
2025-07-14T01:47:46.161915,XRPUSDC,BUY,2.8635,2.826357142857143,2.9167142857142854,11.067193675889362,MomentumStrategy,5.0,2.8575357142857145,-0.067509881422925,2.8574,trailing_stop,,
2025-07-14T01:51:59.679096,ADAUSDC,BUY,0.751,0.7407857142857143,0.7660714285714285,39.54802259886995,MomentumStrategy,5.0,0.7549107142857143,0.5960451977401091,0.7672,take_profit,,
2025-07-14T02:30:13.581563,BTCUSDC,BUY,119872.1,119389.54285714283,120628.18571428572,0.0008073352171154,MomentumStrategy,5.0,120537.86785714286,0.6104146243007085,120900.0,take_profit,,
2025-07-14T02:30:13.719512,1000PEPEUSDC,BUY,0.0126906,0.0121928857142857,0.0136872285714285,803.0285648732379,MomentumStrategy,5.0,0.0131243107142857,0.3429735000573596,0.0131177,trailing_stop,,
2025-07-14T02:31:38.176547,AAVEUSDC,BUY,314.25,304.7028571428571,333.3742857142857,0.0418535127055305,MomentumStrategy,5.0,321.7867857142857,0.2921375186846036,321.23,trailing_stop,,
2025-07-14T02:34:26.294403,PNUTUSDC,BUY,0.28849,0.27135,0.3231299999999999,23.174971031286216,MomentumStrategy,5.0,0.284665,-0.1024333719582858,0.28407,trailing_stop,,
2025-07-14T02:40:01.155520,SOLUSDC,BUY,164.33,163.11,166.16000000000005,0.3278688524590167,MomentumStrategy,5.0,164.42314285714286,0.600000000000014,166.35,take_profit,,
2025-07-14T02:41:26.690288,SUIUSDC,BUY,3.77149,3.642335714285714,4.027608571428572,3.1146756843943586,MomentumStrategy,5.0,3.8950364285714287,,,,,
2025-07-14T02:44:10.302808,ETHUSDC,BUY,3002.56,2980.9817142857146,3035.527428571429,0.0183332460321618,MomentumStrategy,5.0,3016.732857142857,0.6043999790477297,3041.89,take_profit,,
2025-07-14T02:46:52.798779,TIAUSDC,BUY,1.9534,1.8759142857142856,2.106871428571429,5.195769159398766,MomentumStrategy,5.0,1.8759142857142856,,,,,
2025-07-14T02:52:09.859871,LTCUSDC,SELL,95.67,96.43742857142855,94.51885714285714,0.5212211466865255,MomentumStrategy,5.0,96.43742857142855,-0.6775874906924817,96.97,trailing_stop,,
2025-07-14T02:53:28.929137,BCHUSDC,BUY,507.86,504.1628571428572,513.4057142857143,0.1081916537867076,MomentumStrategy,5.0,504.1628571428572,0.6000000000000028,515.42,take_profit,,
2025-07-14T02:54:47.583101,DOGEUSDC,BUY,0.20136,0.1990891428571428,0.2047662857142857,176.14494212380575,MomentumStrategy,5.0,0.2032339285714285,0.3223452440865642,0.20319,trailing_stop,,
2025-07-14T02:58:38.703850,BNBUSDC,BUY,692.67,690.3437142857142,696.1594285714285,0.1719479243429109,MomentumStrategy,5.0,693.7364285714285,0.59999999999999,697.0,take_profit,,
2025-07-14T02:58:38.836837,XRPUSDC,BUY,2.8875,2.796642857142857,3.0686142857142857,4.412228175228495,MomentumStrategy,5.0,2.9224357142857142,0.1341317365269451,2.9179,trailing_stop,,
2025-07-14T03:31:42.614625,SOLUSDC,BUY,166.61,165.2762857142857,168.61057142857143,0.299914310197088,MomentumStrategy,5.0,166.67314285714286,-0.0989717223650427,166.28,trailing_stop,,
2025-07-14T03:43:17.896403,XRPUSDC,BUY,2.9395,2.850657142857143,3.129785714285714,4.299094119453399,MomentumStrategy,5.0,2.9398357142857146,-0.0116075541225238,2.9368,trailing_stop,,
2025-07-14T03:44:40.778821,ETHUSDC,BUY,3045.19,3008.8565714285714,3105.5057142857145,0.0110364834610412,MomentumStrategy,5.0,3031.8528571428574,-0.1792324914073117,3028.95,trailing_stop,,
2025-07-14T03:44:40.911260,BCHUSDC,BUY,515.17,511.3265714285714,520.8851428571428,0.1046181437752206,MomentumStrategy,5.0,511.3265714285714,-0.4906590943057785,510.48,trailing_stop,,
2025-07-14T03:44:41.044719,LTCUSDC,BUY,96.96,96.17742857142856,98.20885714285714,0.4922644163150478,MomentumStrategy,5.0,96.20035714285714,-0.3741209563994319,96.2,trailing_stop,,
2025-07-14T03:44:41.177589,BTCUSDC,BUY,121114.0,120512.97714285714,122015.53428571428,0.0006655320929082,MomentumStrategy,5.0,120751.86785714286,-0.2546325787466812,120731.4,trailing_stop,,
2025-07-14T03:44:41.322600,BNBUSDC,BUY,697.86,695.4031428571428,701.8702857142857,0.1546277888226173,MomentumStrategy,5.0,698.7064285714285,0.6201016125469304,701.97,take_profit,,
2025-07-14T03:44:41.452752,ADAUSDC,BUY,0.7675,0.7417142857142857,0.8193714285714284,15.452538631346576,MomentumStrategy,5.0,0.7551107142857143,-0.2039735099337746,0.7543,trailing_stop,,
2025-07-14T03:47:22.411773,DOGEUSDC,BUY,0.20535,0.1992014285714285,0.2174971428571428,65.58913094401503,MomentumStrategy,5.0,0.2048839285714286,-0.0321386741625685,0.20486,trailing_stop,,
2025-07-14T03:47:22.541133,TRUMPUSDC,BUY,9.826,9.7244,9.9784,3.937007874015769,MomentumStrategy,5.0,9.731035714285714,-0.4448818897637871,9.713,trailing_stop,,
2025-07-14T03:49:59.028276,PNUTUSDC,BUY,0.29302,0.2753685714285714,0.3280228571428571,22.79016767051932,MomentumStrategy,5.0,0.287535,-0.1253459221878563,0.28752,trailing_stop,,
2025-07-14T03:58:50.737539,CRVUSDC,BUY,0.6885,0.6647428571428571,0.7369142857142857,16.62707838479808,MomentumStrategy,5.0,0.6933607142857143,0.0798099762470312,0.6933,trailing_stop,,
2025-07-14T04:41:14.208834,BTCUSDC,BUY,121030.0,120469.94285714286,121900.08571428571,0.0006992308460693,MomentumStrategy,5.0,121742.86785714286,0.6083907701528104,122105.0,take_profit,,
2025-07-14T04:46:26.079227,PNUTUSDC,BUY,0.30626,0.28716,0.3444,20.964360587002112,MomentumStrategy,5.0,0.309585,0.0033542976939213,0.30642,trailing_stop,,
2025-07-14T04:48:56.609593,ETHFIUSDC,BUY,1.2344,1.1777857142857144,1.3491285714285717,7.003501750875444,MomentumStrategy,5.0,1.1777857142857144,-0.440520260130065,1.1715,trailing_stop,,
2025-07-14T04:50:12.873024,WLDUSDC,BUY,1.10519,1.0656185714285715,1.184932857142857,10.057471264367818,MomentumStrategy,5.0,1.0656185714285715,-0.4179885057471247,1.06363,trailing_stop,,
2025-07-14T04:52:46.142463,WIFUSDC,BUY,1.072,1.0167714285714289,1.1827571428571428,7.229537825974702,MomentumStrategy,5.0,1.0167714285714289,,,,,
2025-07-14T04:56:39.019355,DOGEUSDC,BUY,0.20768,0.2015485714285714,0.2199128571428571,65.34422403733973,MomentumStrategy,5.0,0.2076039285714286,-0.0215635939323219,0.20735,trailing_stop,,
2025-07-14T05:19:39.622244,BNBUSDC,BUY,701.15,698.5448571428572,705.0577142857143,0.1535424435183174,MomentumStrategy,5.0,699.7764285714285,-0.3270454046940153,699.02,trailing_stop,,
2025-07-14T05:24:49.983835,BTCUSDC,BUY,122666.8,121659.85714285714,124235.17142857144,0.0004141889293216,MomentumStrategy,5.0,122304.66785714286,-0.1643087482618775,122270.1,trailing_stop,,
2025-07-14T05:24:50.219125,PNUTUSDC,BUY,0.30706,0.2860742857142857,0.3482814285714286,19.2903892524974,MomentumStrategy,5.0,0.305215,-0.058835687220117,0.30401,trailing_stop,,
2025-07-14T05:33:41.368754,DOGEUSDC,BUY,0.209,0.2028457142857143,0.2213985714285714,64.68006468006486,MomentumStrategy,5.0,0.2087439285714286,-0.0200508200508204,0.20869,trailing_stop,,
2025-07-14T05:41:22.484646,CRVUSDC,BUY,0.6926,0.6697142857142856,0.7389714285714286,17.32673267326726,MomentumStrategy,5.0,0.6868607142857143,-0.1351485148514851,0.6848,trailing_stop,,
2025-07-14T05:41:22.615801,XRPUSDC,BUY,2.9763,2.893542857142857,3.145714285714285,4.758667573079552,MomentumStrategy,5.0,2.9720357142857146,-0.0775662814411976,2.96,trailing_stop,,
2025-07-14T05:43:57.686556,1000PEPEUSDC,BUY,0.0131112,0.0125711142857142,0.0142081714285714,733.0226713440492,MomentumStrategy,5.0,0.0129012107142857,-0.2161683857793606,0.0128163,trailing_stop,,
2025-07-14T05:50:28.586057,BNBUSDC,BUY,697.47,694.7180000000001,701.5980000000001,0.1453488372093048,MomentumStrategy,5.0,698.6364285714285,0.6000000000000164,701.9,take_profit,,
2025-07-14T05:50:28.720028,ETHUSDC,BUY,3024.6,3000.3388571428573,3061.6917142857146,0.0162991594290637,MomentumStrategy,5.0,3045.632857142857,0.6045637646401437,3070.79,take_profit,,
2025-07-14T05:51:50.916411,ADAUSDC,BUY,0.7553,0.7312285714285714,0.8034428571428571,16.617210682492615,MomentumStrategy,5.0,0.7532107142857143,-0.0365578635014834,0.7531,trailing_stop,,
2025-07-14T05:53:11.187065,AAVEUSDC,BUY,320.03,309.79857142857145,339.4428571428571,0.0404799768685847,MomentumStrategy,5.0,320.15678571428566,-0.0012143993060564,320.0,trailing_stop,,
2025-07-14T05:54:33.967011,1000BONKUSDC,SELL,0.026671,0.0286545714285714,0.0227848571428571,204.43925233644856,MomentumStrategy,5.0,0.0277016785714285,,,,,
2025-07-14T05:54:34.122045,LINKUSDC,BUY,16.045,15.609,16.965,0.8849557522123895,MomentumStrategy,5.0,16.14742857142857,,,,,
2025-07-14T05:54:34.275695,BCHUSDC,BUY,513.41,509.9991428571428,519.4762857142857,0.1055170334639737,MomentumStrategy,5.0,509.9991428571428,0.6400964727163156,519.6,take_profit,,
2025-07-14T05:55:56.217797,BTCUSDC,BUY,122461.5,121498.65714285712,124073.97142857144,0.0004141889293216,MomentumStrategy,5.0,122144.86785714286,-0.1370965356054496,122130.5,trailing_stop,,
2025-07-14T05:55:56.361835,PNUTUSDC,BUY,0.29832,0.27643,0.34321,17.969451931716083,MomentumStrategy,5.0,0.293755,-0.101707097933513,0.29266,trailing_stop,,
2025-07-14T05:58:37.362324,SOLUSDC,BUY,166.79,163.10857142857142,174.15285714285713,0.1086534730306558,MomentumStrategy,5.0,166.19314285714287,,,,,
2025-07-14T06:43:34.097915,XRPUSDC,BUY,2.9154,2.8241428571428573,3.1012142857142857,4.331013147718487,MomentumStrategy,5.0,2.9296357142857143,0.0428770301624131,2.9253,trailing_stop,,
2025-07-14T06:48:50.219890,1000PEPEUSDC,BUY,0.0127695,0.0121890428571428,0.0139679142857142,674.5850097573906,MomentumStrategy,5.0,0.0127375107142857,-0.0219240128171148,0.012737,trailing_stop,,
2025-07-14T06:58:04.007626,DOGEUSDC,BUY,0.2062,0.1994,0.2195599999999999,59.5238095238095,MomentumStrategy,5.0,0.2075939285714285,0.0809523809523809,0.20756,trailing_stop,,
2025-07-14T07:24:16.206247,BNBUSDC,BUY,703.51,700.29,708.34,0.124223602484471,MomentumStrategy,5.0,703.9964285714285,0.0509316770186291,703.92,trailing_stop,,
2025-07-14T07:48:03.840219,BTCUSDC,BUY,122808.0,121786.57142857142,124510.11428571428,0.0003916467346453,MomentumStrategy,5.0,122629.06785714286,-0.072728798623631,122622.3,trailing_stop,,
2025-07-14T07:50:42.034223,BCHUSDC,BUY,522.02,518.3605714285715,528.4091428571428,0.0995166334944564,MomentumStrategy,5.0,518.3605714285715,-0.4348876883707749,517.65,trailing_stop,,
2025-07-14T07:54:36.585634,XRPUSDC,BUY,2.963,2.8691714285714287,3.1491571428571428,4.28593295576306,MomentumStrategy,5.0,2.9587357142857145,-0.0274299709168843,2.9566,trailing_stop,,
2025-07-14T08:44:19.414530,XRPUSDC,BUY,2.9814,2.884785714285714,3.174628571428571,4.140174478781604,MomentumStrategy,5.0,2.9837357142857144,-0.0500961111932564,2.9693,trailing_stop,,
2025-07-14T09:40:13.473763,LTCUSDC,BUY,97.15,96.29114285714286,98.48828571428572,0.4551365409622886,MomentumStrategy,5.0,96.29114285714286,-0.3959687906371931,96.28,trailing_stop,,
2025-07-14T09:47:21.109266,XRPUSDC,BUY,3.0106,2.906014285714286,3.2197714285714287,3.824614123753586,MomentumStrategy,5.0,3.0063357142857146,-0.0784045895369492,2.9901,trailing_stop,,
2025-07-14T09:53:06.208263,ETHUSDC,BUY,3057.34,3031.651428571429,3095.8728571428574,0.0155711266822378,MomentumStrategy,5.0,3053.8528571428574,-0.1144477811144535,3049.99,trailing_stop,,
2025-07-14T10:40:00.684255,LTCUSDC,BUY,97.58,96.61771428571429,99.02342857142855,0.4156769596199531,MomentumStrategy,5.0,96.61771428571429,-0.4281472684085521,96.55,trailing_stop,,
2025-07-14T10:40:00.835626,PNUTUSDC,BUY,0.28519,0.2629557142857143,0.3299885714285714,17.90166869126016,MomentumStrategy,5.0,0.279835,,,,,
2025-07-14T10:42:46.286350,AAVEUSDC,BUY,330.4,318.9057142857143,353.38857142857137,0.0347999005717127,MomentumStrategy,5.0,324.9167857142857,-0.192791449167287,324.86,trailing_stop,,
2025-07-14T10:56:34.381116,BNBUSDC,BUY,705.9,702.1125714285714,711.1811428571428,0.1102709514807806,MomentumStrategy,5.0,702.7464285714285,-0.4300567107750418,702.0,trailing_stop,,
2025-07-14T12:34:34.714941,BTCUSDT,Buy,121099.9,10.0,115226.1036,132847.4929,115226.1036,,,,1.0,MomentumStrategy,,
2025-07-14T12:34:36.404383,SUIUSDT,Buy,3.935,10.0,3.2114,5.3823,3.2114,,,,1.0,MomentumStrategy,,
2025-07-14T12:34:39.244451,BCHUSDT,Buy,506.85,10.0,445.1046,630.3407,445.1046,,,,1.0,MomentumStrategy,,
2025-07-14T12:34:41.628113,LINKUSDT,Buy,16.319,10.0,15.0654,18.8261,15.0654,,,,1.0,MomentumStrategy,,
2025-07-14T12:35:18.790433,BCHUSDT,Buy,506.85,10.0,445.1046,630.3407,445.1046,,,,1.0,MomentumStrategy,,
2025-07-14T12:35:20.688902,LINKUSDT,Buy,16.334,10.0,15.0804,18.8411,15.0804,,,,1.0,MomentumStrategy,,
2025-07-14T12:35:58.469645,BCHUSDT,Buy,506.85,10.0,445.1046,630.3407,445.1046,,,,1.0,MomentumStrategy,,
2025-07-14T12:36:00.462850,LINKUSDT,Buy,16.325,10.0,15.0714,18.8321,15.0714,,,,1.0,MomentumStrategy,,
2025-07-14T12:36:36.216317,BCHUSDT,Buy,506.85,10.0,445.1046,630.3407,445.1046,,,,1.0,MomentumStrategy,,
2025-07-14T12:36:38.599090,LINKUSDT,Buy,16.312,10.0,15.0584,18.8191,15.0584,,,,1.0,MomentumStrategy,,
2025-07-14T12:37:15.299004,BCHUSDT,Buy,506.85,10.0,445.1046,630.3407,445.1046,,,,1.0,MomentumStrategy,,
2025-07-14T12:37:17.207063,LINKUSDT,Buy,16.311,10.0,15.0574,18.8181,15.0574,,,,1.0,MomentumStrategy,,
2025-07-14T12:37:54.359995,BCHUSDT,Buy,506.85,10.0,445.1046,630.3407,445.1046,,,,1.0,MomentumStrategy,,
2025-07-14T12:37:56.269624,LINKUSDT,Buy,16.306,10.0,15.0524,18.8131,15.0524,,,,1.0,MomentumStrategy,,
2025-07-14T12:38:32.567262,BCHUSDT,Buy,506.85,10.0,445.1046,630.3407,445.1046,,,,1.0,MomentumStrategy,,
2025-07-14T12:38:34.470119,LINKUSDT,Buy,16.306,10.0,15.0524,18.8131,15.0524,,,,1.0,MomentumStrategy,,
2025-07-14T12:39:11.626268,BCHUSDT,Buy,506.85,10.0,445.1046,630.3407,445.1046,,,,1.0,MomentumStrategy,,
2025-07-14T12:39:13.070395,LINKUSDT,Buy,16.322,10.0,15.0684,18.8291,15.0684,,,,1.0,MomentumStrategy,,
2025-07-14T12:39:50.290857,SUIUSDT,Buy,3.957,10.0,3.2334,5.4043,3.2334,,,,1.0,MomentumStrategy,,
2025-07-14T12:39:51.486135,ADAUSDT,Buy,0.75,10.0,0.6506,0.9487,0.6506,,,,1.0,MomentumStrategy,,
2025-07-14T12:39:52.683206,BCHUSDT,Buy,506.85,10.0,445.1046,630.3407,445.1046,,,,1.0,MomentumStrategy,,
2025-07-14T12:39:54.596078,LINKUSDT,Buy,16.368,10.0,15.1144,18.8751,15.1144,,,,1.0,MomentumStrategy,,
2025-07-14T13:17:21.940070,ETHUSDT,Buy,3050.71,10.0,2871.5393,3409.0514,2871.5393,,,,1.0,MomentumStrategy,,
2025-07-14T13:17:26.954900,BNBUSDT,Buy,674.8,10.0,588.1885,848.023,588.1885,,,,1.0,MomentumStrategy,,
2025-07-14T13:33:59.505316,SOLUSDT,Buy,166.87,0.0009,150.0861,200.4379,150.0861,,,,1.0,MomentumStrategy,,
2025-07-14T13:34:02.189061,XRPUSDT,Buy,2.9786,0.0415,2.5821,3.7715,2.5821,,,,1.0,MomentumStrategy,,
2025-07-14T13:34:03.656436,ADAUSDT,Buy,0.7516,1.0155,0.6519,0.9509,0.6519,,,,1.0,MomentumStrategy,,
2025-07-14T13:34:05.560940,XLMUSDT,Buy,0.4595,1.737,0.3796,0.6191,0.3796,,,,1.0,MomentumStrategy,,
2025-07-14T13:34:07.687414,LINKUSDT,Buy,16.224,0.0959,14.7285,19.215,14.7285,,,,1.0,MomentumStrategy,,
2025-07-14T13:34:41.024854,SOLUSDT,Buy,166.72,0.0009,149.9361,200.2879,149.9361,,,,1,MomentumStrategy
2025-07-14T13:34:43.255065,XRPUSDT,Buy,2.983,0.0415,2.5865,3.7759,2.5865,,,,1,MomentumStrategy
2025-07-14T13:34:45.631519,ADAUSDT,Buy,0.7514,1.0058,0.6517,0.9507,0.6517,,,,1,MomentumStrategy
2025-07-14T13:34:48.495584,XLMUSDT,Buy,0.4598,1.7475,0.38,0.6195,0.38,,,,1,MomentumStrategy
2025-07-14T13:34:50.160372,LINKUSDT,Buy,16.188,0.0959,14.6925,19.179,14.6925,,,,1,MomentumStrategy
